{"cameraMode":{"drawMode":0,"name":"Shaded","section":"Shading Mode"},"sceneLighting":true,"audioPlay":false,"sceneViewState":{"m_AlwaysRefresh":false,"showFog":true,"showSkybox":true,"showFlares":true,"showImageEffects":true,"showParticleSystems":true,"showVisualEffectGraphs":true,"m_FxEnabled":true},"in2DMode":false,"pivot":{"x":-0.17322157323360444,"y":-3.3687779903411867,"z":-1.2747288942337037},"rotation":{"x":-0.12895381450653077,"y":0.006522390991449356,"z":-0.0010297826956957579,"w":-0.9917027354240418},"size":10.872262001037598,"orthographic":false}