{"cameraMode":{"drawMode":0,"name":"Shaded","section":"Shading Mode"},"sceneLighting":true,"audioPlay":false,"sceneViewState":{"m_AlwaysRefresh":false,"showFog":true,"showSkybox":true,"showFlares":true,"showImageEffects":true,"showParticleSystems":true,"showVisualEffectGraphs":true,"m_FxEnabled":true},"in2DMode":false,"pivot":{"x":4.037362098693848,"y":-2.736417531967163,"z":8.766033172607422},"rotation":{"x":-0.12242517620325089,"y":-0.23526690900325776,"z":0.029727870598435403,"w":-0.9638109803199768},"size":10.640549659729004,"orthographic":false}